"ind_id","mes_id","name"
1,237,"Average annual number of cases of Anencephaly among live births over five year period"
1,238,"Prevalence of Anencephaly per 10,000 live births over a five year period"
100,549,"Number of deaths from Ischemic Heart Disease among persons 35 and older"
100,550,"Crude death rate from Ischemic Heart Disease among persons 35 and older per 100,000 population"
100,551,"Age-adjusted death rate from Ischemic Heart Disease among persons 35 and older per 100,000 population"
101,552,"Number of deaths from Heart Attack among persons 35 and older"
101,553,"Crude death rate from Heart Attack among persons 35 and older per 100,000 population"
101,554,"Age-adjusted death rate from Heart Attack among persons 35 and older per 100,000 population"
102,555,"Number of Reported Acute Toxic Substance Release Incidents"
102,556,"Percent of Reported Acute Toxic Substance Release Incidents with at Least One Injury or Fatality"
102,557,"Percent of Reported Acute Toxic Substance Release Incidents with Evacuation Ordered"
102,558,"Rate of Injuries and Fatalities due to Reported Acute Toxic Substance Release Incidents per 100,000 population"
102,559,"Rate of Reported Acute Toxic Substance Release Incidents per 100,000 population"
103,108,"Age-adjusted rate of hospitalization for heart attack among persons 35 and over per 10,000 population"
103,326,"Number of people living in poverty"
103,327,"Percent of population living in poverty"
103,328,"Median Household Income"
103,329,"Number of people without health insurance"
103,330,"Percent of population without health insurance"
103,360,"Age-adjusted estimates of the percent of adults >= 20 years diagnosed with diabetes"
103,361,"Rate of hospitalization for heart disease among Medicare beneficiaries >= 65 years"
103,363,"Percent of population of a race other than white"
103,364,"Percent of population aged 65 years and over living alone in a non-family household"
103,367,"Percent of land covered by forest"
103,368,"Percent of land used for development"
104,570,"Number of hospitals"
104,571,"Number of hospitals per 100,000 population"
104,852,"Number of hospital beds"
104,853,"Number of hospital beds per 10,000 population"
104,854,"Percent of hospitals within flood hazard area"
104,855,"Percent of hospital beds within flood hazard area"
105,423,"Number of extreme heat days"
105,425,"Number of extreme heat events"
106,581,"Number of square miles within FEMA designated flood hazard area"
106,582,"Percent area (square miles) within FEMA designated flood hazard area"
106,583,"Number of people within FEMA designated flood hazard area"
106,584,"Number of housing units within FEMA designated flood hazard area"
106,854,"Percent of hospitals within flood hazard area"
106,855,"Percent of hospital beds within flood hazard area"
107,578,"Projected number of future extreme precipitation days"
107,579,"Projected annual precipitation intensity"
107,580,"Projected ratio of precipitation falling as rain to that falling as snow"
108,576,"Number of extreme precipitation days"
108,577,"Monthly estimates of precipitation"
109,329,"Number of people without health insurance"
109,330,"Percent of population without health insurance"
109,360,"Age-adjusted estimates of the percent of adults >= 20 years diagnosed with diabetes"
109,600,"Number of people aged 5 years and over with a disability"
109,601,"Percent of population aged 5 years and over with a disability"
110,613,"Number of housing units"
110,614,"Number of housing units with 10 or more units"
110,615,"Number of housing units with more people than rooms"
110,616,"Number of vacant housing units"
110,617,"Number of renter-occupied housing units"
110,618,"Number of mobile-home housing units"
110,619,"Number of housing units with no vehicle available"
110,620,"Number of people living in group quarters"
110,638,"Percent of housing units with 10 or more units"
110,639,"Percent of housing units with more people than rooms"
110,640,"Percent of vacant housing units"
110,641,"Percent of renter-occupied housing units"
110,642,"Percent of mobile-home housing units"
110,643,"Percent of housing units with no vehicle available"
110,644,"Percent population living in group quarters"
111,368,"Percent of land used for development"
111,369,"Percent of land used for agriculture"
111,718,"Classification of county from rural to urban (two category scale)"
111,719,"Classification of county from rural to urban (six category scale)"
115,604,"Overall percentile vulnerability rank"
115,605,"Socioeconomic percentile vulnerability rank"
115,606,"Household composition/disability percentile rank"
115,607,"Minority status/language percentile rank"
115,608,"Housing/transportation percentile rank"
116,653,"Average annual number of cases of Cleft Lip with Cleft Palate among live births over a five year period"
116,656,"Prevalence of Cleft Lip with Cleft Palate per 10,000 live births over a five year period"
117,654,"Average annual number of cases of Cleft Lip without Cleft Palate among live births over a five year period"
117,657,"Prevalence of Cleft Lip without Cleft Palate per 10,000 live births over a five year period"
118,655,"Average annual number of cases of Limb Deficiencies Combined among live births over a five year period"
118,658,"Prevalence of Limb Deficiencies Combined per 10,000 live births over a five year period"
12,259,"Average annual number of cases of Trisomy 21 to mothers less than 35 years of age at delivery over a five year period"
12,260,"Prevalence of Trisomy 21 per 10,000 live births to mothers less than 35 years of age at delivery over a five year period"
12,261,"Average annual number of cases of Trisomy 21 to mothers greater than or equal to 35 years of age at delivery over a five year period"
12,262,"Prevalence of Trisomy 21 per 10,000 live births to mothers greater than or equal to 35 years of age at delivery over a five year period"
121,704,"Number of deaths from COPD among persons 25 and over"
121,705,"Crude death rate  from COPD among persons 25 and over per 100,000 population"
121,706,"Age-adjusted death rate  from COPD among persons 25 and over per 100,000 population"
122,676,"Percent of adults aged >=18 years with coronary heart disease"
123,696,"Percent of adults aged >= 18 years with no leisure-time physical activity"
124,672,"Percent of adults aged >=18 years with chronic kidney disease"
124,674,"Percent of adults age >= 18 years with chronic obstructive pulmonary disease (COPD)"
124,676,"Percent of adults aged >=18 years with coronary heart disease"
124,678,"Percent of adults aged >=18 years with current asthma"
124,680,"Percent of adults aged >=18 years with diagnosed diabetes"
124,682,"Percent of adults aged >=18 years with high blood pressure"
124,684,"Percent of adults aged >=18 years who have been screened in the past 5 years with high cholesterol"
124,686,"Percent of adults aged >= 18 years with  mental health not good for >=14 days"
124,688,"Percent of adults aged >= 18 years with physical health not good for >=14 days"
124,690,"Percent of adults aged >= 18 to = 64 years with current lack of health insurance"
125,674,"Percent of adults age >= 18 years with chronic obstructive pulmonary disease (COPD)"
126,678,"Percent of adults aged >=18 years with current asthma"
127,692,"Percent of adults aged >= 18 years with current smoking"
128,694,"Percent of adults aged >= 18 years with obesity"
129,647,"Number of hospitalizations for COPD among persons 25 and over"
129,648,"Crude rate of hospitalizations for COPD among persons 25 and over per 10,000 population"
129,649,"Age-adjusted rate of hospitalizations for COPD among persons 25 and over per 10,000 population"
13,274,"Average annual number of very preterm (<32 weeks gestation) live singleton births over 5 years"
13,275,"Average annual percent of very preterm (<32 weeks gestation) live singleton births over 5 years"
13,29,"Number of preterm (<37 weeks gestation) live singleton births"
13,30,"Percent of preterm (<37 weeks gestation) live singleton births"
130,650,"Number of emergency department visits for COPD among persons 25 and over"
130,651,"Crude rate of emergency department visits  among persons 25 and over for COPD per 10,000 population"
130,652,"Age-adjusted rate of emergency department visits  persons 25 and over for COPD per 10,000 population"
131,707,"Number of months of mild drought or worse per year"
131,708,"Maximum number of consecutive months of mild drought or worse"
132,709,"Number of weeks of moderate drought or worse per year"
132,710,"Maximum number of consecutive weeks of moderate drought or worse"
133,711,"Average one-way commute time (minutes) for workers 16 years and older for all travel modes"
133,712,"Number of workers 16 years and older driving 20+ minutes to work (car, truck, van)"
133,713,"Percent of workers 16 years and older driving 20+ minutes to work (car, truck, van)"
133,714,"Number of workers 16 years and older taking public transportation 45+ minutes to work"
133,715,"Percent of workers 16 years and older taking public transportation 45+ minutes to work"
133,716,"Number of workers 16 years and older walking 10+ minutes to work"
133,717,"Percent of workers 16 years and older walking 10+ minutes to work"
134,367,"Percent of land covered by forest"
134,621,"Percent of land covered by water"
134,720,"Average percent of developed imperviousness"
135,721,"Annual average sunlight exposure measured by solar irradiance (kJ/m2)"
135,722,"Monthly average sunlight exposure measured by solar irradiance (kJ/m2)"
136,723,"Annual average daily dose of UV irradiance (J/m2)"
136,724,"Monthly average daily dose of UV irradiance (J/m2)"
136,725,"Annual average UV irradiance at noon (mW/m2)"
136,726,"Monthly average UV irradiance at noon (mW/m2)"
137,874,"Life expectancy for the period 2010-2015"
137,875,"Average remaining lifetime at any given age group for the period 2010-2015"
138,731,"Areas and populations vulnerable to predicted surface smoke from wildland fires"
139,733,"Community Water Systems (CWS) with exceedances of PFOA + PFOS combined."
139,734,"Community water systems (CWS) with detections of PFOS, PFOA, PFNA, PFBS, PFHxS, PFHpA"
139,735,"Community water systems (CWS) that sampled for PFAS chemicals"
14,276,"Average annual number of very low birthweight (<1,500 grams) live singleton births over 5 years"
14,277,"Average annual percent of very low birthweight (<1,500 grams) live singleton births over 5 years"
14,35,"Number of low birthweight (<2,500 grams) live singleton births"
14,36,"Percent of low birthweight (<2,500 grams) live singleton births"
140,736,"Free Thyroxine (FT4) concentrations in serum, ng/dL"
140,737,"Total Thyroxine (TT4) concentrations in serum, µg/mL"
140,738,"Free Triiodothyronine (FT3) concentrations in serum, pg/mL"
140,739,"Total Triiodothyronine (TT3) concentrations in serum, ng/dL"
140,740,"Thyroid Stimulating Hormone (TSH) concentrations in serum, uIU/mL"
140,741,"Iodine concentrations in urine"
141,742,"Number of buildings tested"
141,743,"Number of pre-mitigation radon tests by radon level"
141,744,"Number of post-mitigation radon tests by radon level"
141,745,"Percent of pre-mitigation radon tests by radon level"
141,746,"Percent of post-mitigation radon tests by radon level"
141,747,"Median pre-mitigation radon level in tested buildings"
141,748,"Maximum pre-mitigation radon level in tested buildings"
142,751,"Annual number of cases of Testicular Cancer"
142,752,"Age-adjusted incidence rate of Testicular Cancer per 100,000 population"
142,753,"Average annual number of cases of Testicular Cancer over a five year period"
142,754,"Age-adjusted incidence rate of Testicular Cancer per 100,000 population over a five year period"
143,823,"Metals and Metalloids in urine 1999-2014"
143,824,"Metals and Metalloids in urine 2015-2016"
143,825,"Metals in blood"
143,826,"Perfluoroalkyl and Polyfluoroalkyl Substances: Surfactants in blood"
143,827,"Personal Care and Consumer Products Metabolites in urine"
143,828,"Pesticide Metabolites: Organophosphorus Metabolites in urine"
143,829,"Pesticide Metabolites: Pyrethroid Metabolites in urine"
143,830,"Polycyclic Aromatic Hydrocarbons in urine"
143,831,"Phthalate Metabolites in urine"
143,832,"Disinfection By-Products in blood 2001-2004"
143,833,"Disinfection By-Products in blood 2005-2010"
143,834,"Disinfection By-Products in blood 2011-2014"
143,835,"Volatile Organic Compounds in blood 2001-2004"
143,836,"Volatile Organic Compounds in blood 2005-2010"
143,837,"Volatile Organic Compounds in blood 2011-2014"
143,838,"Tobacco Metabolite in blood"
143,856,"Metals and Metalloids in urine 1999-2014 (creatinine corrected)"
143,857,"Metals and Metalloids in urine 2015-2016 (creatinine corrected)"
143,858,"Lead in blood"
143,859,"Personal Care and Consumer Products Metabolites in urine (creatinine corrected)"
143,860,"Pesticide Metabolites: Organophosphorus Metabolites in urine (creatinine corrected)"
143,861,"Pesticide Metabolites: Pyrethroid Metabolites in urine (creatinine corrected)"
143,862,"Polycyclic Aromatic Hydrocarbons in urine (creatinine corrected)"
143,863,"Phthalate Metabolites in urine (creatinine corrected)"
144,843,"Number of buildings tested by year"
144,864,"Number of buildings tested per 10 years"
144,865,"Rate of housing units tested, per 10,000 units"
144,866,"Number of pre-mitigation radon tests by radon level"
144,867,"Number of post-mitigation radon tests by radon level"
144,868,"Percent of pre-mitigation radon tests by radon level"
144,869,"Percent of post-mitigation radon tests by radon level"
144,870,"Median pre-mitigation radon level in tested buildings"
144,871,"Maximum pre-mitigation radon level in tested buildings"
145,570,"Number of hospitals"
145,571,"Number of hospitals per 100,000 population"
145,852,"Number of hospital beds"
145,853,"Number of hospital beds per 10,000 population"
145,854,"Percent of hospitals within flood hazard area"
145,855,"Percent of hospital beds within flood hazard area"
146,876,"Number of people with access to a computer with internet, but no cell phone"
146,877,"Percent of people with access to a computer with internet, but no cell phone"
146,878,"Number of households with a smartphone"
146,879,"Percent of households with a smartphone"
146,880,"Number of households with a smartphone, but no other device"
146,881,"Percent of households with a smartphone, but no other device"
146,882,"Number of households with no internet access"
146,883,"Percent of households with no internet access"
146,884,"Number of unemployed people aged 16+ years who have a computer without internet subscription"
146,885,"Percent of unemployed people aged 16+ years who have a computer without internet subscription"
146,886,"Number of people age 65+ years who have a computer without internet subscription"
146,887,"Percent of people age 65+ years who have a computer without internet subscription"
146,888,"Number of people age 25+ years, with low education who have a computer without internet subscription"
146,889,"Percent of people age 25+ years, with low education who have a computer without internet subscription"
146,890,"Number of households with income less than $20,000 without an internet subscription"
146,891,"Percent of households with income less than $20,000 without an internet subscription"
147,892,"Community water systems (CWS) with detections of Perchlorate"
149,914,"Total reported cases since Jan 22, 2020"
149,915,"Total reported related deaths since Jan 22, 2020"
149,916,"Number of new cases by day"
149,917,"Number of new deaths by day"
149,919,"Seven day rolling mean of new cases"
149,920,"Percent change in 7 day rolling mean of new cases"
149,921,"Number of consecutive days with decreasing number of new cases"
149,929,"Seven day rolling mean new cases per 100k population"
15,278,"Average annual number of Infant (<1 year of age) deaths over 5 years"
15,279,"Average annual infant (<1 year of age) mortality rate per 1,000 live births over 5 years"
15,280,"Average annual neonatal (<28 days of age) deaths over 5 years"
15,281,"Average annual neonatal (<28 days of age) mortality rate per 1,000 live births over 5 years"
15,284,"Average annual number of postneonatal (>= 28 days to <1 year of age) deaths over 5 years"
15,285,"Average annual postneonatal (>= 28 days to <1 year of age) mortality rate per 1,000 live births over 5 years"
15,727,"Average annual number of perinatal (>= 28 weeks gestation to < 7 days of age) deaths over 5 years"
15,728,"Average annual perinatal (>= 28 weeks gestation to < 7 days of age) mortality rate per 1,000 live births and fetal deaths over 5 years"
150,103,"Age-adjusted rate of hospitalization for asthma per 10,000 population"
150,434,"Number of emergency department visits for asthma"
150,437,"Age-adjusted rate of emergency department visits for asthma per 10,000 population"
150,586,"Percent of adults ever diagnosed with asthma who report they currently have asthma (2011 and onward)"
150,588,"Percent of children ever diagnosed with asthma and currently have asthma (2011 and onward)"
150,590,"Percent of adults with active asthma with an attack in the past year (2011 and onward)"
150,647,"Number of hospitalizations for COPD among persons 25 and over"
150,649,"Age-adjusted rate of hospitalizations for COPD among persons 25 and over per 10,000 population"
150,650,"Number of emergency department visits for COPD among persons 25 and over"
150,652,"Age-adjusted rate of emergency department visits  persons 25 and over for COPD per 10,000 population"
150,674,"Percent of adults age >= 18 years with chronic obstructive pulmonary disease (COPD)"
150,678,"Percent of adults aged >=18 years with current asthma"
150,704,"Number of deaths from COPD among persons 25 and over"
150,706,"Age-adjusted death rate  from COPD among persons 25 and over per 100,000 population"
150,99,"Number of hospitalizations for asthma"
151,613,"Number of housing units"
151,614,"Number of housing units with 10 or more units"
151,615,"Number of housing units with more people than rooms"
151,619,"Number of housing units with no vehicle available"
151,620,"Number of people living in group quarters"
151,638,"Percent of housing units with 10 or more units"
151,639,"Percent of housing units with more people than rooms"
151,643,"Percent of housing units with no vehicle available"
151,644,"Percent population living in group quarters"
151,880,"Number of households with a smartphone, but no other device"
151,881,"Percent of households with a smartphone, but no other device"
151,882,"Number of households with no internet access"
151,883,"Percent of households with no internet access"
152,570,"Number of hospitals"
152,571,"Number of hospitals per 100,000 population"
152,852,"Number of hospital beds"
152,853,"Number of hospital beds per 10,000 population"
152,854,"Percent of hospitals within flood hazard area"
152,855,"Percent of hospital beds within flood hazard area"
153,104,"Number of hospitalizations for heart attack among persons 35 and older"
153,108,"Age-adjusted rate of hospitalization for heart attack among persons 35 and over per 10,000 population"
153,552,"Number of deaths from Heart Attack among persons 35 and older"
153,554,"Age-adjusted death rate from Heart Attack among persons 35 and older per 100,000 population"
153,676,"Percent of adults aged >=18 years with coronary heart disease"
154,330,"Percent of population without health insurance"
154,360,"Age-adjusted estimates of the percent of adults >= 20 years diagnosed with diabetes"
154,392,"Annual number of cases of Liver and Intrahepatic Bile Duct Cancer"
154,561,"Percent of current adult smokers(2011 and onward)"
154,600,"Number of people aged 5 years and over with a disability"
154,601,"Percent of population aged 5 years and over with a disability"
154,672,"Percent of adults aged >=18 years with chronic kidney disease"
154,680,"Percent of adults aged >=18 years with diagnosed diabetes"
154,682,"Percent of adults aged >=18 years with high blood pressure"
154,684,"Percent of adults aged >=18 years who have been screened in the past 5 years with high cholesterol"
154,686,"Percent of adults aged >= 18 years with  mental health not good for >=14 days"
154,688,"Percent of adults aged >= 18 years with physical health not good for >=14 days"
154,690,"Percent of adults aged >= 18 to = 64 years with current lack of health insurance"
154,692,"Percent of adults aged >= 18 years with current smoking"
154,694,"Percent of adults aged >= 18 years with obesity"
155,324,"Number of people by demographic group"
155,364,"Percent of population aged 65 years and over living alone in a non-family household"
155,593,"Number of single-parent households"
155,594,"Percent of single-parent households"
155,595,"Number of people aged five years and over that speak English less than ""Very Well"""
155,596,"Percent of population aged five years and over that speak English less than ""Very Well"""
155,597,"Number of people aged 65 years and over living alone in a non-family household"
155,645,"Percent of population by demographic group"
156,604,"Overall percentile vulnerability rank"
156,605,"Socioeconomic percentile vulnerability rank"
156,606,"Household composition/disability percentile rank"
156,607,"Minority status/language percentile rank"
156,608,"Housing/transportation percentile rank"
157,326,"Number of people living in poverty"
157,327,"Percent of population living in poverty"
157,328,"Median Household Income"
16,45,"Total fertility rate per 1,000 women"
160,927,"Stay-at-home orders by county by day"
17,46,"Male to female sex ratio at birth multiplied by 1,000"
18,221,"Age-adjusted incidence rate of Bladder Cancer (including in situ) per 100,000 population over a five year period"
18,229,"Average annual number of cases of Bladder Cancer (including in situ) over a five year period"
18,47,"Annual number of cases of Bladder Cancer (including in situ)"
18,48,"Age-adjusted incidence rate of Bladder Cancer (including in situ) per 100,000 population"
19,286,"Annual number of cases of Breast Cancer"
19,287,"Age-adjusted incidence rate of Breast Cancer per 100,000 population"
19,290,"Average annual number of cases of Breast Cancer over a five year period"
19,291,"Age-adjusted incidence rate of Breast Cancer per 100,000 population over a five year period"
2,239,"Average annual number of cases of Spina Bifida w/out Anencephaly among live births over a five year period"
2,240,"Prevalence of Spina Bifida (without Anencephaly) per 10,000 live births over a five year period"
20,223,"Age-adjusted incidence rate of Leukemia per 100,000 population over a five year period"
20,231,"Average annual number of cases of Leukemia over a five year period"
20,55,"Annual number of cases of Leukemia"
20,56,"Age-adjusted incidence rate of Leukemia per 100,000 population"
21,57,"Annual number of cases of Acute Myeloid Leukemia"
21,58,"Age-adjusted incidence rate of Acute Myeloid Leukemia per 100,000 population"
22,59,"Annual number of cases of Chronic Lymphocytic Leukemia"
22,60,"Age-adjusted incidence rate of Chronic Lymphocytic Leukemia per 100,000 population"
23,224,"Age-adjusted incidence rate of Lung and Bronchus Cancer per 100,000 population over a five year period"
23,232,"Average annual number of cases of Lung and Bronchus Cancer over a five year period"
23,61,"Annual number of cases of Lung and Bronchus Cancer"
23,62,"Age-adjusted incidence rate of Lung and Bronchus Cancer per 100,000 population"
24,225,"Age-adjusted incidence rate of Non-Hodgkin's Lymphoma per 100,000 population over a five year period"
24,233,"Average annual number of cases of Non-Hodgkin's Lymphoma over a five year period"
24,63,"Annual number of cases of Non-Hodgkin's Lymphoma"
24,64,"Age-adjusted incidence rate of Non-Hodgkin's Lymphoma per 100,000 population"
25,226,"Age-adjusted incidence rate of Thyroid Cancer per 100,000 population over a five year period"
25,234,"Average annual number of cases of Thyroid Cancer over a five year period"
25,65,"Annual number of cases of Thyroid Cancer"
25,66,"Age-adjusted incidence rate of Thyroid Cancer per 100,000 population"
26,67,"Annual number of cases of Brain and Central Nervous System Cancer among children less than 20 years of age"
26,68,"Age-adjusted incidence rate of Brain and Central Nervous System Cancer among children less than 20 years of age per 1,000,000 population"
26,69,"Annual number of cases of Brain and Central Nervous System Cancer among children less than 15 years of age"
26,70,"Age-adjusted incidence rate of Brain and Central Nervous System Cancer among children less than 15 years of age per 1,000,000 population"
27,71,"Annual number of Leukemia among children less than 20 years of age"
27,72,"Age-adjusted incidence rate of Leukemia among children less than 20 years of age per 1,000,000 population"
27,73,"Annual number of Leukemia among children less than 15 years of age"
27,74,"Age-adjusted incidence rate of Leukemia among children less than 15 years of age per 1,000,000 population"
28,75,"Annual number of Acute Myeloid Leukemia among children less than 20 years of age"
28,76,"Age-adjusted incidence rate of Acute Myeloid Leukemia among children less than 20 years of age per 1,000,000 population"
28,77,"Annual number of Acute Myeloid Leukemia among children less than 15 years of age"
28,78,"Age-adjusted incidence rate of Acute Myeloid Leukemia among children less than 15 years of age per 1,000,000 population"
29,79,"Annual number of cases of Acute Lymphocytic Leukemia among children less than 20 years of age"
29,80,"Age-adjusted incidence rate of Acute Lymphocytic Leukemia among children less than 20 years of age per 1,000,000 population"
29,81,"Annual number of cases of Acute Lymphocytic Leukemia among children less than 15 years of age"
29,82,"Age-adjusted incidence rate of Acute Lymphocytic Leukemia among children less than 15 years of age per 1,000,000 population"
3,241,"Average annual number of cases of Hypoplastic Left Heart Syndrome among live births over a five year period"
3,242,"Prevalence of Hypoplastic Left Heart Syndrome per 10,000 live births over a five year period"
30,83,"Number of days with maximum 8-hour average ozone concentration over the National Ambient Air Quality Standard"
30,84,"Number of person-days with maximum 8-hour average ozone concentration over the National Ambient Air Quality Standard"
31,85,"Percent of days with PM2.5 levels over the National Ambient Air Quality Standard (NAAQS)"
31,86,"Person-days with PM2.5 over the National Ambient Air Quality Standard"
32,87,"Annual average ambient concentrations of PM2.5 in micrograms per cubic meter (based on seasonal averages and daily measurement)"
33,499,"Number of children born in the same year and tested for lead poisoning before age 3 with blood lead levels between 5 and <10 µg/dL"
33,500,"Percent of children born in the same year and tested for lead poisoning before age 3 with blood lead levels between 5 and <10 µg/dL"
33,89,"Number of children born in the same year and tested before age 3"
33,90,"Percent of children born in the same year and tested before age 3"
33,93,"Number of children born in the same year and tested before age 3 with confirmed blood lead levels of 10 µg/dL or greater"
33,94,"Percent of children born in the same year and tested before age 3 with confirmed blood lead levels of 10 µg/dL or greater"
34,95,"Number of homes built before 1950 (as measured in the 2000 Census)"
34,96,"Percent of homes built before 1950 (as measured in the 2000 Census)"
34,97,"Number of homes built between 1950 and 1979 (as measured in the 2000 Census)"
34,98,"Percent of homes built between 1950 and 1979 (as measured in the 2000 Census)"
35,101,"Crude rate of hospitalization for asthma per 10,000 population"
35,103,"Age-adjusted rate of hospitalization for asthma per 10,000 population"
35,99,"Number of hospitalizations for asthma"
36,104,"Number of hospitalizations for heart attack among persons 35 and older"
36,106,"Crude rate of hospitalization for heart attack among persons 35 and over per 10,000 population"
36,108,"Age-adjusted rate of hospitalization for heart attack among persons 35 and over per 10,000 population"
37,117,"Number of hospitalizations for CO poisoning"
37,118,"Crude rate of hospitalizations for CO poisoning per 100,000 population"
37,119,"Age-adjusted rate of hospitalizations for CO poisoning per 100,000 population"
38,120,"Number of emergency department visits for CO poisoning"
38,121,"Crude rate of emergency department visits for CO poisoning per 100,000 population"
38,122,"Age-adjusted rate of emergency department visits for CO poisoning per 100,000 population"
39,573,"Average annual number of deaths from CO poisoning over 5 year period"
39,574,"Crude death rate from CO poisoning per 100,000 population over 5 year period"
39,575,"Age-adjusted death rate from CO poisoning per 100,000 population over 5 year period"
4,243,"Average annual number of cases of Tetralogy of Fallot among live births over a five year period"
4,244,"Prevalence of Tetralogy of Fallot per 10,000 live births over a five year period"
41,129,"Number of people receiving water from community water systems"
41,873,"Number of community water systems"
42,765,"Number of community water systems (CWS) by mean Arsenic concentrations (micrograms per liter), by year"
42,766,"Number of people served by community water systems (CWS) by mean Arsenic concentrations (micrograms per liter), by year"
42,767,"Number of community water systems (CWS) by maximum Arsenic concentrations (micrograms per liter), by year"
42,768,"Number of people served by community water systems (CWS) by maximum Arsenic concentrations (micrograms per liter), by year"
42,769,"Mean concentration of Arsenic (micrograms per liter) by year"
43,777,"Number of community water systems (CWS) by mean total trihalomethanes (TTHM) concentrations (micrograms per liter), by year"
43,778,"Number of people served by community water systems (CWS) by mean total trihalomethane (TTHM) concentrations (micrograms per liter), by year"
43,779,"Number of community water systems (CWS) by maximum total trihalomethane (TTHM) concentrations (micrograms per liter), by year"
43,780,"Number of people served by community water systems (CWS) by maximum total trihalomethane (TTHM) concentrations (micrograms per liter), by year"
43,781,"Number of community water systems (CWS) by mean total trihalomethane concentrations (micrograms per liter), by quarter"
43,782,"Number of people served by community water systems (CWS) by mean total trihalomethane (TTHM) concentrations (micrograms per liter), by quarter"
43,783,"Mean concentration of TTHM (micrograms per liter) by year"
43,784,"Number of community water systems (CWS) by mean haloacetic acids (HAA5) concentrations (micrograms per liter), by year"
43,785,"Number of people served by community water systems (CWS) by mean haloacetic acids (HAA5) concentrations (micrograms per liter), by year"
43,786,"Number of community water systems (CWS) by maximum haloacetic acids (HAA5) concentrations (micrograms per liter), by year"
43,787,"Number of people served by community water systems (CWS) by maximum haloacetic acids (HAA5) concentrations (micrograms per liter), by year"
43,788,"Number of  community water systems (CWS) by mean haloacetic acids concentrations (micrograms per liter), by quarter"
43,789,"Number of people served by community water systems (CWS) by mean haloacetic acids (HAA5) concentrations (micrograms per liter), by quarter"
43,790,"Mean concentration of HAA5 (micrograms per liter) by year"
44,770,"Number of community water systems (CWS) by mean Nitrate concentrations (milligrams per liter), by year"
44,771,"Number of people served by community water systems (CWS)  by mean Nitrate concentrations (milligrams per liter), by year"
44,772,"Number of community water systems (CWS) by maximum Nitrate concentrations (milligrams per liter), by year"
44,773,"Number of people served by community water systems (CWS) by maximum Nitrate concentrations (milligrams per liter), by year"
44,774,"Number of community water systems (CWS) by mean Nitrate concentrations (milligrams per liter, by quarter"
44,775,"Number of people served by community water systems (CWS) by mean Nitrate concentrations (milligrams per liter, by quarter"
44,776,"Mean concentration of Nitrate (milligrams per liter) by year"
47,222,"Age-adjusted incidence rate of Brain and Other Nervous System Cancer per 100,000 population over a five year period"
47,230,"Average annual number of cases of Brain and Other Nervous System Cancer over a five year period"
47,49,"Annual number of cases of Brain and Other Nervous System Cancer"
47,50,"Age-adjusted incidence rate of Brain and Other Nervous System Cancer per 100,000 population"
49,292,"Number of days with maximum 8-hour average ozone concentration over the National Ambient Air Quality Standard (monitor and modeled data)"
49,293,"Number of person-days with maximum 8-hour average ozone concentration over the National Ambient Air Quality Standard (monitor and modeled data)"
5,245,"Average annual number of cases of Transposition of the Great Arteries (Vessels) among live births over a five year period"
5,246,"Prevalence of Transposition of the Great Arteries (vessels) per 10,000 live births over a five year period"
50,294,"Percent of days with PM2.5 levels over the National Ambient Air Quality Standard (monitor and modeled data)"
50,295,"Number of person-days with PM2.5 over the National Ambient Air Quality Standard (monitor and modeled data)"
51,296,"Annual average ambient concentrations of PM 2.5 in micrograms per cubic meter, based on seasonal averages and daily measurement (monitor and modeled data)"
52,324,"Number of people by demographic group"
52,364,"Percent of population aged 65 years and over living alone in a non-family household"
52,593,"Number of single-parent households"
52,594,"Percent of single-parent households"
52,595,"Number of people aged five years and over that speak English less than ""Very Well"""
52,596,"Percent of population aged five years and over that speak English less than ""Very Well"""
52,597,"Number of people aged 65 years and over living alone in a non-family household"
52,645,"Percent of population by demographic group"
53,326,"Number of people living in poverty"
53,327,"Percent of population living in poverty"
53,328,"Median Household Income"
53,331,"Number of people aged 25 years and over with high school diploma (or equivalent) or higher"
53,332,"Percent of population aged 25 years and over with high school diploma (or equivalent) or higher"
53,598,"Number of people aged 16 years and over who are unemployed"
53,599,"Percent of population aged 16 years and over who are unemployed"
54,333,"Percent of adults ever diagnosed with asthma (2010 and earlier)"
54,334,"Percent of adults ever diagnosed with asthma who report they currently have asthma (2010 and earlier)"
54,337,"Percent of adults with active asthma diagnosed within the past 5 years (2010 and earlier)"
54,338,"Percent of adults with active asthma with an attack in the past year (2010 and earlier)"
54,339,"Percent of adults with active asthma with one or more routine doctor’s visit in the past year (2010 and earlier)"
54,585,"Percent of adults ever diagnosed with asthma (2011 and onward)"
54,586,"Percent of adults ever diagnosed with asthma who report they currently have asthma (2011 and onward)"
54,589,"Percent of adults with active asthma diagnosed within the past 5 years (2011 and onward)"
54,590,"Percent of adults with active asthma with an attack in the past year (2011 and onward)"
54,591,"Percent of adults with active asthma with one or more routine doctor’s visit in the past year (2011 and onward)"
55,335,"Percent of children ever diagnosed with asthma (2010 and earlier)"
55,336,"Percent of children ever diagnosed with asthma and currently have asthma (2010 and earlier)"
55,587,"Percent of children ever diagnosed with asthma (2011 and onward)"
55,588,"Percent of children ever diagnosed with asthma and currently have asthma (2011 and onward)"
56,344,"Number of workers over 16 years that used public transportation (excluding taxicabs)"
56,345,"Percent of workers over 16 years that used public transportation (excluding taxicabs)"
56,356,"Number of workers over 16 years"
56,698,"Number of workers over 16 years that used active transportation"
56,699,"Percent of workers over 16 years that used active transportation"
56,700,"Number of workers over 16 years that used car, truck, van"
56,701,"Percent of workers over 16 years that used car, truck, van"
56,702,"Number of workers over 16 years that worked at home"
56,703,"Percent of workers over 16 years that worked at home"
65,357,"Daily Estimates of Maximum Temperature for Summer Months (May-Sep)"
65,358,"Daily Estimates of Maximum Heat Index for Summer Months (May-Sep)"
67,370,"Number of summertime (May-Sep) heat-related deaths, by year"
68,373,"Estimated prevalence of autism spectrum disorders (ASDs) per 1000 children 8 years old"
69,374,"Number of children ages 3 to 17 receiving early intervention, special education, or related services for a developmental disability"
69,375,"Percent of children ages 3 to 17 receiving early intervention, special education, or related services for a developmental disability"
69,376,"Number of children ages 3 to 5 receiving early intervention, special education, or related services for a developmental disability"
69,377,"Percent of children ages 3 to 5 receiving early intervention, special education, or related services for a developmental disability"
69,378,"Number of children ages 6 to 11 receiving early intervention, special education, or related services for a developmental disability"
69,379,"Percent of children ages 6 to 11 receiving early intervention, special education, or related services for a developmental disability"
69,380,"Number of children ages 12 to 17 receiving early intervention, special education, or related services for a developmental disability"
69,381,"Percent of children ages 12 to 17 receiving early intervention, special education, or related services for a developmental disability"
7,249,"Average annual number of cases of Cleft Palate without Cleft Lip among live births over a five year period"
7,250,"Prevalence of Cleft Palate without Cleft Lip per 10,000 live births over a five year period"
70,839,"Number of fatal motor vehicle crashes"
70,840,"Rate of fatal motor vehicle crashes per 100,000 population"
70,841,"Percent of fatal motor vehicle crashes involving cyclists or pedestrians"
70,842,"Location of all fatal motor vehicle crashes"
70,872,"Location of fatal motor vehicle crashes by crash type"
71,382,"Average annual number of cases of Mesothelioma over a five year period"
71,383,"Age-adjusted incidence rate of Mesothelioma per 100,000 population over a five year period"
72,384,"Annual number of cases of Melonoma of the Skin"
72,385,"Average annual number of cases of Melanoma of the Skin over a five year period"
72,386,"Age-Adjusted incidence rate of Melanoma of the Skin per 100,000 population"
72,387,"Age-adjusted incidence rate of Melanoma of the Skin per 100,000 population over a five year period"
73,388,"Annual number of cases of Kidney and Renal Pelvis Cancer"
73,389,"Average annual number of cases of Kidney and Renal Pelvis Cancer over a five year period"
73,390,"Age-Adjusted incidence rate of Kidney and Renal Pelvis Cancer per 100,000 population"
73,391,"Age-adjusted incidence rate of Kidney and Renal Pelvis Cancer per 100,000 population over a five year period"
74,392,"Annual number of cases of Liver and Intrahepatic Bile Duct Cancer"
74,393,"Average annual number of cases of Liver and Intrahepatic Bile Duct Cancer over a five year period"
74,394,"Age-Adjusted incidence rate of Liver and Intrahepatic Bile Duct Cancer per 100,000 population"
74,395,"Age-adjusted incidence rate of Liver and Intrahepatic Bile Duct Cancer per 100,000 population over a five year period"
75,396,"Estimated number of  all-cause deaths avoided"
75,397,"Estimated percent change in all-cause death rate from baseline"
75,398,"Ranked groupings of counties based on percent change in all-cause death rate from baseline"
75,501,"Estimated number of  Coronary Heart Disease deaths avoided"
75,502,"Estimated percent change in Coronary Heart Disease death rate from baseline"
75,503,"Ranked groupings of counties based on percent change in Coronary Artery Disease death rate from baseline"
77,413,"Number of children tested"
77,414,"Percent of children tested"
77,415,"Number of children tested with confirmed  blood lead levels of 10 µg/dL or greater"
77,416,"Percent of children tested with confirmed blood lead levels of 10 µg/dL or greater"
77,497,"Number of children tested with blood lead levels between 5 and less than 10 µg/dL"
77,498,"Percent of children tested with blood lead levels between 5 and less than 10 µg/dL"
78,418,"Percent of adults who ever smoked (2000-2010)"
78,420,"Percent of current adult smokers(2000-2010)"
78,422,"Percent of former adult smokers(2000-2010)"
78,560,"Percent of adults who ever smoked (2011 and onward)"
78,561,"Percent of current adult smokers(2011 and onward)"
78,562,"Percent of former adult smokers(2011 and onward)"
79,423,"Number of extreme heat days"
79,424,"Dates of extreme heat days"
79,425,"Number of extreme heat events"
79,426,"Dates of extreme heat events"
8,251,"Average annual number of cases of Hypospadias among live male births over a five year period"
8,252,"Prevalence of Hypospadias per 10,000 live male births over a five year period"
80,427,"Number of people living within a half mile of a park"
80,428,"Percent of population living within a half mile of a park"
80,538,"Number of children aged 5 to 9 years living within a half mile of a public elementary school"
80,539,"Percent of population aged 5 to 9 years living within a half mile of a public elementary school"
81,477,"Annual average cancer risk estimates per million"
81,478,"Annual average air concentration estimates in microgram per cubic meter"
81,479,"Percent of cancer risk estimates by source"
81,480,"Percent of cancer risk estimates from all sources"
82,791,"Number of community water systems (CWS) by mean Atrazine concentrations (micrograms per liter), by year"
82,792,"Number of people served by community water systems (CWS) by mean Atrazine concentrations (micrograms per liter), by year"
82,793,"Number of community water systems (CWS) by maximum Atrazine concentrations (micrograms per liter), by year"
82,794,"Number of people served by community water systems (CWS) by maximum Atrazine concentrations (micrograms per liter), by year"
82,795,"Number of community water systems (CWS) by mean Atrazine concentrations (micrograms per liter), by quarter"
82,796,"Number of people served by community water systems (CWS) by mean Atrazine concentrations (micrograms per liter), by quarter"
82,797,"Mean concentration of Atrazine (micrograms per liter) by year"
83,798,"Number of community water systems (CWS) by mean DEHP concentrations (micrograms per liter), by year"
83,799,"Number of people served by community water systems (CWS) by mean DEHP concentrations (micrograms per liter), by year"
83,800,"Number of community water systems (CWS) by maximum DEHP concentrations (micrograms per liter), by year"
83,801,"Number of people served by community water systems (CWS) by maximum DEHP concentrations (micrograms per liter), by year"
83,802,"Mean concentration of DEHP (micrograms per liter) by year"
84,803,"Number of community water systems (CWS) by mean PCE concentrations (micrograms per liter), by year"
84,804,"Number of people served by community water systems (CWS) by mean PCE concentrations (micrograms per liter), by year"
84,805,"Number of community water systems (CWS) by maximum PCE concentrations (micrograms per liter), by year"
84,806,"Number of people served by community water systems (CWS) by maximum PCE concentrations (micrograms per liter), by year"
84,807,"Mean concentration of PCE (micrograms per liter) by year"
85,808,"Number of community water systems (CWS) by mean TCE concentrations (micrograms per liter), by year"
85,809,"Number of people served by community water systems (CWS) by mean TCE concentrations (micrograms per liter), by year"
85,810,"Number of community water systems (CWS) by maximum TCE concentrations (micrograms per liter), by year"
85,811,"Number of people served by community water systems (CWS) by maximum TCE concentrations (micrograms per liter), by year"
85,812,"Mean concentration of TCE (micrograms per liter) by year"
86,813,"Number of community water systems (CWS) by mean Radium concentrations (picoCuries/per liter), by year"
86,814,"Number of people served by community water systems (CWS) by mean Radium concentrations (picoCuries per liter), by year"
86,815,"Number of community water systems (CWS) by maximum Radium concentrations (picoCuries per liter), by year"
86,816,"Number of people served by community water systems (CWS) by maximum Radium concentrations (picoCuries per liter), by year"
86,817,"Mean concentration of Radium (picoCuries per liter) by year"
87,818,"Number of community water systems (CWS) by mean Uranium concentrations (micrograms per liter), by year"
87,819,"Number of people served by community water systems (CWS) by mean Uranium concentrations (micrograms per liter), by year"
87,820,"Number of community water systems (CWS) by maximum Uranium concentrations (micrograms per liter), by year"
87,821,"Number of people served by community water systems (CWS) by maximum Uranium concentrations (micrograms per liter), by year"
87,822,"Mean concentration of Uranium (micrograms per liter) by year"
88,431,"Number of hospitalizations for heat stress"
88,432,"Crude rate of hospitalizations for heat stress per 100,000 population"
88,433,"Age-adjusted rate of hospitalizations for heat stress per 100,000 population"
89,438,"Number of emergency department visits for heat stress"
89,439,"Crude rate of emergency department visits for heat stress per 100,000 population"
89,440,"Age-adjusted rate of emergency department visits for heat stress per 100,000 population"
9,253,"Average annual number of cases of Gastroschisis among live births over a five year period"
9,254,"Prevalence of Gastroschisis per 10,000 live births over a five year period"
90,434,"Number of emergency department visits for asthma"
90,436,"Crude rate of emergency department visits for asthma per 10,000 population"
90,437,"Age-adjusted rate of emergency department visits for asthma per 10,000 population"
91,481,"Annual number of Oral/Pharynx cases of Cancer"
91,482,"Average annual number of cases of Oral/Pharynx Cancer over a five year period"
91,483,"Age-Adjusted incidence rate of Oral/Pharynx Cancer per 100,000 population"
91,484,"Age-adjusted incidence rate of Oral/Pharynx Cancer per 100,000 population over a five year period"
92,485,"Annual number of cases of Esophageal Cancer"
92,486,"Average annual number of cases of Esophageal Cancer over a five year period"
92,487,"Age-Adjusted incidence rate of Esophageal Cancer per 100,000 population"
92,488,"Age-adjusted incidence rate of Esophageal Cancer per 100,000 population over a five year period"
93,489,"Annual number of cases of Pancreas Cancer"
93,490,"Average annual number of cases of Pancreas Cancer over a five year period"
93,491,"Age-Adjusted incidence rate of Pancreas Cancer per 100,000 population"
93,492,"Age-adjusted incidence rate of Pancreas Cancer per 100,000 population over a five year period"
94,493,"Annual number of cases of Larynx Cancer"
94,494,"Average annual number of cases of Larynx Cancer over a five year period"
94,495,"Age-Adjusted incidence rate of Larynx Cancer per 100,000 population"
94,496,"Age-adjusted incidence rate of Larynx Cancer per 100,000 population over a five year period"
95,505,"Number of Reported Exposures to All Pesticides"
95,506,"Rate of Reported Exposures to All Pesticides per 100,000 people"
95,507,"Number of Reported Exposures to Disinfectants"
95,508,"Rate of Reported Exposures to Disinfectants per 100,000 people"
95,509,"Number of Reported Exposures to Fumigants"
95,510,"Rate of Reported Exposures to Fumigants per 100,000 people"
95,511,"Number of Reported Exposures to Fungicides"
95,512,"Rate of Reported Exposures to Fungicides per 100,000 people"
95,513,"Number of Reported Exposures to Herbicides"
95,514,"Rate of Reported Exposures to Herbicides per 100,000 people"
95,515,"Number of Reported Exposures to Insecticides"
95,516,"Rate of Reported Exposures to Insecticides per 100,000 people"
95,517,"Number of Reported Exposures to Repellents"
95,518,"Rate of Reported Exposures to Repellents per 100,000 people"
95,519,"Number of Reported Exposures to Rodenticides"
95,520,"Rate of Reported Exposures to Rodenticides per 100,000 people"
96,521,"Number of Deaths from Exposures to All Pesticides"
96,523,"Number of Major Effect Illnesses from Exposure to All Pesticides"
96,525,"Number of Moderate Effect Illnesses from Exposure to All Pesticides"
96,526,"Rate of Moderate Effect Illnesses from Exposure to All Pesticides per 100,000 people"
96,527,"Number of Minor Effect Illnesses from Exposure to All Pesticides"
96,528,"Rate of Minor Effect Illnesses from Exposure to All Pesticides per 100,000 people"
96,529,"Number of No Effect Illnesses from Exposure to All Pesticides"
96,530,"Rate of No Effect Illnesses from Exposure to All Pesticides per 100,000 people"
96,531,"Number of Unable to Follow-Potentially Toxic Illnesses from Exposure to All Pesticides"
96,532,"Rate of Unable to Follow-Potentially Toxic Illnesses from Exposure to All Pesticides per 100,000 people"
97,533,"Projected Number of Future Extreme Heat Days"
97,536,"Projected Number of Future Extreme Heat Nights"
98,540,"Percent of adults aged 18 years and over who were obese (BMI=30.0 to 99.8) 2000 - 2010"
98,541,"Percent of adults aged 18 years and over who were overweight (BMI=25.0 to 29.9) 2000 - 2010"
98,563,"Percent of adults aged 18 years and over who were overweight (BMI=25.0 to 29.9) 2011 and onward"
98,564,"Percent of adults aged 18 years and over who were obese (BMI=30.0 to 99.8) 2011 and onward"
99,545,"Number of public schools located within 150m of a highway"
99,546,"Percent of public schools located within 150m of a highway"
99,547,"Number of people living within 150m of a highway"
99,548,"Percent of population living within 150m of a highway"
